species,location,c1_m,c1_sd,c1_lb,c1_ub,c2_m,c2_sd,c2_lb,c2_q3,n1_m,n1_sd,n1_lb,n1_ub,n2_m,n2_sd,n2_lb,n2_ub,p1_m,p1_sd,p1_lb,p1_ub,p2_m,p2_sd,p2_lb,p2_ub,ac_m,ac_sd,ac_lb,ac_ub,an_m,an_sd,an_lb,an_ub,ap_m,ap_sd,ap_lb,ap_ub,family,n_ae1,n_ae2
Abudefduf septemfasciatus,Moorea,38.98856989526928,4.7476558408513085,29.47871546037064,48.38898355044905,21.845811902616173,1.5999481135783706,18.511701187772324,24.916046075012986,5.8733412718011815,0.8316208366752537,4.186602923932279,7.496374397619257,2.532664669630224,0.5858127787035916,1.3230689970806089,3.6818140368790453,0.9150118483069002,0.15534573992918924,0.6391574138859416,1.2624256671264926,0.7060730971314498,0.1459377578727119,0.3837625126126843,0.9617334179671453,0.43114970973052,0.08280690899366881,0.24225659480953407,0.572435265730807,0.5600654307507148,0.12043149251281197,0.29293003229360925,0.7793813466907029,0.21967031199294115,0.1493507485852728,0.012260730370314124,0.5636923978081757,Pomacentridae,7,7
Abudefduf sexfasciatus,Moorea,35.175283647971206,3.6677589492088853,28.92761784964341,43.28711493291383,31.284935296526875,3.3834413830312764,23.903973697712846,37.43426670549237,6.537464416877663,1.254601424133473,4.376604749434438,9.312844423476129,5.512157480515444,1.2848094727753583,2.712881093170839,7.880951393813304,0.9791640933975672,0.2871866044699458,0.49617949712527254,1.631911357255665,0.7233666969680248,0.22194440613608168,0.24010561772241742,1.1312940759238619,0.10703123082104458,0.08440407634045763,0.004056495586532388,0.3197849879513624,0.15504971854524421,0.13510287373855207,0.0054138810865024065,0.49918682092579786,0.246971474933067,0.1799089542461401,0.011748529524675252,0.6762660037155637,Pomacentridae,5,9
Abudefduf sexfasciatus,Tetiaroa,44.26226956406816,2.649281296387138,39.560171631576424,50.0822800085722,37.16942236885472,2.7225949248849037,31.244439164144286,42.102397703703815,7.1408611229779675,0.6854681976227532,5.761301253914904,8.524393218518327,6.008888430012117,1.0702774821505217,3.4483020647480713,7.682435384169175,0.5422941227814945,0.17214922785195502,0.24538600393804597,0.9293122448394341,0.35459114799636476,0.1697826505538965,0.046003326761177674,0.694778205854593,0.1576436912054029,0.07498999206631533,0.022168554518065847,0.3148294728221855,0.15781445353358603,0.13220244537327594,0.006347491475477089,0.49962593647893727,0.34756333223798047,0.23897945348649038,0.017095675342094323,0.8766793086235513,Pomacentridae,10,7
Acanthurus achilles,Moorea,32.94326263562296,2.5865494797032076,27.874810991229964,38.280222020285784,24.343951288646252,1.1415016131734932,22.119568141873877,26.704074961236685,4.061158001873392,0.6727319327552155,2.916719854479079,5.562636186348789,3.372958164380766,0.7073054175130694,1.8266955307141672,4.678751790185644,0.7431791408052376,0.24366296771523366,0.3948694829067497,1.3019916097800344,0.40818578432684277,0.07610272780785156,0.2630508475644818,0.5811476114575364,0.2565435449130389,0.0674243009273555,0.11087958631778679,0.3799825473429514,0.16596766470465388,0.1359523956357604,0.00731390799410527,0.5110597938088087,0.40305146066557745,0.1831252687388778,0.04190343044191784,0.7166612120958467,Acanthuridae,8,9
Acanthurus guttatus,Moorea,24.504147989535465,1.8046112032912969,21.91438953456032,28.840828865331932,22.259626005417434,1.2401080357708327,19.592742006418447,24.47164879335837,5.436533393787435,1.0755780884527009,3.7536198232808755,7.91679826660212,4.70075730038755,0.9036272061600001,2.7312786298827607,6.335539991812632,0.5220070888812789,0.13029578502638342,0.3250421804873632,0.8487205773997272,0.42122303549299184,0.07408588852650284,0.25544941171603064,0.5508680201687458,0.08828843892111418,0.06474964057808788,0.004521582823488261,0.24504842017318879,0.12897837798514353,0.11410733312136649,0.004620667915133618,0.4136683664349614,0.1724597480846646,0.1353614981750681,0.00577122542617765,0.5043979687542532,Acanthuridae,5,9
Acanthurus lineatus,Moorea,28.98788588284172,1.1963238827264047,26.923926434683402,31.673096853466603,26.929089750186556,1.5693007810926962,23.215087068667877,29.181182345902943,3.4953246974021277,0.5863892667924095,2.507539692717768,4.887495546044792,2.6158074533263638,0.5731516096476194,1.2331223068647037,3.609363740251069,0.7137759177475627,0.17486182303027714,0.43204880166071025,1.092797120123589,0.5416002237423448,0.1834844325067847,0.12640423408663587,0.8586432658694366,0.0700444037536971,0.057197892614839776,0.0034582481462914535,0.20870090197415447,0.24245463168340317,0.16157506018328655,0.01475939543872892,0.6309060467334147,0.24106257178941082,0.19995805384613213,0.007876081417408278,0.7749353187191785,Acanthuridae,6,5
Acanthurus nigricans,Moorea,33.274096748399536,1.149420770679529,31.15651869307106,35.727315794876894,23.560967377903708,0.9744795460698543,21.666593437188816,25.49610857158393,4.340652798751494,0.8451817169349097,2.832277314980054,6.134132845710884,2.2968256675745087,0.16673388369295844,1.9777459844617657,2.633319450085554,0.4122921243784606,0.05479872972884306,0.3169024902941625,0.5293611931672949,0.3059369848211043,0.02978615297264874,0.24770450356694557,0.36474151602986754,0.29108646240271385,0.03789738178125621,0.21241421314742226,0.36405372548538195,0.45062329580597404,0.1147864697867817,0.18603194227863912,0.6369170956544503,0.24657388433992822,0.11172643184971227,0.03585999539601042,0.46093082250669776,Acanthuridae,10,15
Acanthurus olivaceus,Moorea,16.8326986329373,2.333100431786516,14.06642160370097,22.838134615031144,15.166191366624009,2.1790647160075283,9.945188783229275,18.47549368920732,1.3157790910886364,0.6873047735584293,0.412888266185584,3.090740578272986,0.7827354370432535,0.3672224763241273,0.0935837823881299,1.5328409294869965,0.39557425633411203,0.15138749356654413,0.1952229894164904,0.7791639074365421,0.29688998858400567,0.0941759102956279,0.08619765354370815,0.4542274126138191,0.09522606200357539,0.1025785519333752,0.0019583653543098593,0.37684487036576647,0.36806050778756516,0.23511394134603883,0.020963155723963477,0.8829541841194475,0.22668181144764749,0.18515989222500767,0.007454520118226766,0.694143169515886,Acanthuridae,4,5
Acanthurus pyroferus,Moorea,11.925992485619842,2.6386786603272516,9.441750617945996,17.73101185545455,10.849975850957831,2.798844925719326,6.19539579889861,15.868929023934015,1.6674473292579786,0.9798396952044134,0.2754840247888482,4.150053667521419,1.1086676923297418,0.883434115551822,0.04754414314088959,3.437593858480311,0.2347425722583108,0.02784475972702222,0.18092528656282716,0.2910214872742375,0.14890681504132497,0.06403000174489167,0.0178110606909922,0.25041871239602476,0.09372470396705174,0.10289916562580287,0.0017490676240286577,0.38833676502213366,0.37037654611715426,0.2608962246685238,0.014323657100623567,0.9282364566829889,0.36714972443667837,0.2585238992836774,0.016542065200599712,0.9195227463453548,Acanthuridae,8,8
Acanthurus triostegus,Moorea,33.42778628912539,1.084071622063554,31.515838813769395,35.79767890029368,31.851575236120375,1.2474148661573823,29.141274073215314,34.09832440378628,3.8194246181770635,0.346976588208138,3.251616669195464,4.629774925650368,3.4772766104111454,0.48715381340056346,2.438583161076722,4.364204725547316,0.3631794417338573,0.04339396157591129,0.2855231012307429,0.45718866406556735,0.31991967375697966,0.050188248912233883,0.21070868679394836,0.4103385462650799,0.0467193034577428,0.03539147538804129,0.0021726479006215715,0.137355885507047,0.08995480748317272,0.09480663046209621,0.0023385860630382653,0.3525252165902951,0.11758461384762196,0.10522816677183885,0.004031811379242381,0.3903616011746491,Acanthuridae,11,12
Arothron meleagris,Moorea,26.428985535870282,3.8791821079900433,19.354638367192475,34.38872965339957,17.55359897097156,1.3246157505000205,14.886095662985571,20.211756185031362,5.022586361128382,1.1425162711083268,2.9237679990456744,7.419024532476655,3.605459948056621,1.0592062461909928,1.3737927208582206,5.603921751980731,0.5030002050677895,0.09174529715606039,0.34664422962336106,0.7033864190240365,0.34787281433431977,0.0613273116717133,0.2190304002588875,0.4600027327366237,0.3218609764904766,0.10918859177211475,0.08721565836608447,0.5093295158912398,0.27223536471629145,0.1812162027471703,0.015044445152588685,0.6912413571152616,0.2917219982769349,0.14992324770860757,0.030440568919943907,0.591332456782987,Tetraodontidae,8,9
Aulostomus chinensis,Mangareva,44.54132264691726,2.43184886885074,39.551156690840074,49.1686442847203,34.17076896488579,5.826049236594953,20.605140871617042,43.60166332710539,11.06869777157236,0.7726519856146403,9.349261983778202,12.503793415125413,7.048343768406106,1.7093599879904275,3.0164108919600814,10.108277890543008,1.2380606635791993,0.23595030455489047,0.7705941965681312,1.7107341305786548,0.6849923795823818,0.27098191925238385,0.13215380577380484,1.210292078614651,0.2314974778153343,0.1318087202274509,0.024456766154151762,0.534694551281615,0.3609690345134438,0.15750861145000977,0.07226251235820602,0.7316571660248045,0.43789334197544005,0.21754063311326,0.04614704897981395,0.8887489111468778,Aulostomidae,6,4
Aulostomus chinensis,Moorea,39.065737225694484,1.3905745346237608,36.23077730169866,41.83330680645909,30.242433389962883,4.79857014910415,19.667762410646347,38.075724729409934,11.278526654614272,1.0492195662114492,9.161154649591756,13.292465579126176,7.756572727712899,1.4483555808626738,4.681884421453939,10.381558380823819,1.7121433240574,0.3999999890782535,0.9406335887361644,2.5343364604611933,1.139531540654023,0.427885816654932,0.24835424377082277,1.9493418389240595,0.22506519627517146,0.12460544288220538,0.02415244598128392,0.4983553018350265,0.3076197835718029,0.13707016814404577,0.05335111006705918,0.5903662243747657,0.330625568573999,0.21443865396700648,0.019766186256801734,0.821744827919816,Aulostomidae,10,7
Balistapus undulatus,Moorea,25.211180925499043,2.5745096407450685,20.660561619266446,30.636366475001125,19.94866312035736,1.505429269180472,16.897756055160798,22.869267806744652,2.533486078688654,0.6156233451897978,1.4939831927926643,3.9009231955433985,1.7105536988987622,0.37611059470428704,0.9389298213525017,2.4397237439079977,0.47539883329722354,0.07851469303340887,0.33577817040549585,0.6428159342743937,0.3172455745352397,0.05282771764551551,0.2072101917828913,0.4210147966159773,0.2013545625498557,0.09345411531270861,0.024337651094678274,0.38293591691705386,0.30080254322139777,0.1673072125382717,0.024472662775476137,0.6383964622797329,0.31787322659173645,0.14177931321200746,0.04364779359062129,0.5867761078626105,Balistidae,13,12
Calotomus carolinus,Moorea,34.487358263272775,4.089138890050355,27.212658686738152,43.69565168725389,26.414052223463813,3.526868197413998,18.362615844161688,32.69610305171839,6.106375921194814,1.3117418451638554,3.6143111571074042,8.791082781842741,2.9850564904116292,0.920800590218145,1.0540252840945517,4.8576915764374515,0.8957089181757804,0.20843310541142646,0.527551857277217,1.3829211864763018,0.6121829149814922,0.20985841783690812,0.1486254245688628,0.9962509643296271,0.22629410439739164,0.11985114690744082,0.022026065640838848,0.4758144746686615,0.49247106614468217,0.17654264754247084,0.11582420628755884,0.8294258636160877,0.30923282763967436,0.20860320332192428,0.01629385789458163,0.804314866918124,Scaridae,5,5
Cantherhines sandwichiensis,Moorea,21.25683304652987,1.5019869172166815,18.73956268010349,24.644247502887204,17.966353051152556,1.0142922468640871,15.747432488310803,19.76418675725752,3.0589825924265144,0.7658474931453496,1.7017150133601309,4.746235344080349,1.246879103903689,0.4071324523507032,0.4305700032991712,2.1285146133401973,0.4128126154687019,0.04659722395162114,0.3340248759338825,0.521603691444275,0.3087221787524828,0.0936714461776006,0.07817469944198242,0.45377333599275604,0.15107728888564514,0.07088880144502886,0.023574877618205172,0.3004565147882416,0.569171913801685,0.1696846188372194,0.16480452020852254,0.8665933074088886,0.25300523872193387,0.2100833844896559,0.008622253269071914,0.8013299689219524,Monacanthidae,5,5
Centropyge flavissima,Mangareva,42.740543722443064,1.7099451403331039,39.280925955795595,46.00708349693339,28.776525935106427,4.61841078895844,19.32368212464972,38.28716300979834,6.910991799482814,0.4787790038982808,5.943745713620165,7.8721428631185075,4.5571879293531135,1.0166896118875663,2.278479926532692,6.390038442761322,0.3643832694216503,0.022507365644378385,0.3202368989614756,0.40998667096730607,0.21618957112909046,0.0997084309127704,0.021159213500313336,0.36460406023894615,0.32566883934532764,0.11145312398932947,0.09709747615125605,0.5483217105670998,0.33826214149760364,0.15070215249113356,0.06189048456248527,0.6690804417685158,0.40714488732814086,0.26968263623162436,0.01971626433509849,0.9408241788397601,Pomacanthidae,7,5
Centropyge flavissima,Moorea,34.785575845492225,2.4433081580432354,30.07504989591979,39.493934833479784,27.932274909519855,2.309354053028445,22.75546854637726,31.771488400450494,7.193348443757607,1.277397786977445,4.848625873750988,9.923218970547737,4.906447718944791,1.457260427304875,1.4366367057238831,7.4162528997508685,0.7024931350636071,0.08145403694064829,0.5425950694976179,0.8732922054300434,0.45799475286898644,0.11869937816711805,0.17690805103187618,0.6646353795039786,0.19391329887667272,0.07974574161612044,0.037765656306490585,0.35501932321800417,0.3095548697537188,0.1972914451924742,0.02267055346599476,0.7937414805991349,0.34232927231464994,0.17462923261829072,0.04481383712152664,0.7442491488125667,Pomacanthidae,7,4
Cephalopholis argus,Mangareva,48.93010087315199,3.5297774391886723,40.61167202373511,55.42409553595974,32.62040638877101,6.783271336726511,18.31779345204095,45.24103150464531,9.179347069974309,2.3445610502299647,4.973094383576964,14.032881776090198,5.2593736593476885,1.585600997538633,1.8810185601310505,8.37861908776906,0.9934170700844444,0.3997849467870736,0.40335741992106006,1.979082926332212,0.6353819609690607,0.348732537846344,0.06145710727822668,1.397038509284247,0.3305952317752602,0.14321568650936256,0.058567004217128224,0.6296789538507076,0.40183482042655894,0.19568979725952715,0.03740429132708803,0.7919115342157648,0.36207811918162075,0.2527025170439348,0.014315867937278905,0.9109735957302761,Serranidae,3,5
Cephalopholis argus,Moorea,38.36249867727009,4.892580218413414,28.073737322396028,47.69526065306362,19.29514441188958,2.219131752771957,14.860136853257922,23.596540891976005,8.61397601068048,2.3453621353751277,4.461422563447057,13.446896062245504,3.8030848016630476,0.979307196733824,1.8135788244339492,5.796183822704668,2.180319255699414,0.5605991274492029,1.0844135013837206,3.341012877991152,1.5431531572595951,0.6334997983239664,0.26537253258755156,2.748575140306424,0.48848528101396443,0.090226324161593,0.2819006895338311,0.6434702895387444,0.5271855633623032,0.1685036406983517,0.14068213948636452,0.8054719475816473,0.29512100964893484,0.22500890603162307,0.010515715109136332,0.8481792498493355,Serranidae,5,9
Cephalopholis urodeta,Moorea,40.72563809217016,3.4122157817483405,33.2048310499202,46.938146247676805,19.993074250143813,3.005793954169143,13.807615284185646,25.947635191131965,8.734656766158103,1.821283664151923,4.676210858403235,12.060020282716339,2.417249038955885,0.5579045264969248,1.410069782881522,3.534533445553132,2.9009347324686092,0.9004093508402172,1.0116389313402734,4.572105728665926,1.6478671184381513,0.9234887836882629,0.1409797079356623,3.5549529624783047,0.5056835881211962,0.08522191957643999,0.325457294422016,0.665993230830515,0.7073964409041423,0.10737650688925617,0.4289847790103899,0.8518120564027419,0.43086642115755375,0.25961896087250386,0.023979141686592258,0.9339505177054347,Serranidae,6,5
Chaetodon auriga,Mangareva,43.91540386708604,1.404070591025264,41.23073355114514,46.89598495336456,40.11179311074092,3.2203899405096794,32.130849298338276,44.679848019652326,7.24911206000521,0.49458824815154906,6.266228429594908,8.265872980080005,5.541735134055309,1.0594491785493276,3.117876645654769,7.226813485974462,0.49719142895458635,0.07269656986894536,0.3658802871856701,0.652804031575927,0.3179874495562166,0.1404769695613988,0.03713733770943765,0.5593115623176181,0.0863152820133519,0.07111266466537779,0.003123865005965202,0.2662621329880934,0.23359111818128317,0.14681079330492694,0.016976346467400663,0.5722715377926404,0.36294552713440204,0.25902914580110453,0.015479184279244607,0.9207286592175856,Chaetodontidae,8,7
Chaetodon auriga,Moorea,43.27621598974204,2.523619527879502,38.62030217688503,48.64262417662069,35.720988554871965,3.540761235841235,28.456178535937823,42.119689691339765,6.800361186808262,1.2243007904402188,4.593877185523777,9.346989194463818,5.128878873068301,1.482484462967546,1.9297404335251898,7.891344107497971,0.7015714990312859,0.06028664029320309,0.5922259287653672,0.8297600495160462,0.6199538438133527,0.0840740888877702,0.4207966750023792,0.7598602552541749,0.17238832717874142,0.0891355167477881,0.017818963028526636,0.3529407834782678,0.24317792510793812,0.18261796751864984,0.010392361230445698,0.6878844708102886,0.11555085902567684,0.101144162290509,0.003949733385099671,0.3747462529621505,Chaetodontidae,9,8
Chaetodon auriga,Tetiaroa,45.303103356527416,2.9118451947732655,39.6392709714034,51.298958783420616,33.546813940312475,2.680480786896363,27.94353900426213,38.77746259963188,6.617126056291002,0.6377797393408712,5.334454753154808,7.886698079326498,4.553653743897204,0.8968456179992458,2.594827083838617,6.146463749121352,0.7751061823181981,0.22827595179684382,0.45283430383545126,1.3703350811931254,0.4704101562668346,0.22236225630944637,0.08293496304898997,0.9529440099113242,0.2566252647846541,0.07439030216150148,0.10732860453397995,0.40311267742819923,0.3069092003417465,0.14429127445300993,0.04440259060742881,0.6116994012487308,0.3882243145631043,0.23775270335183024,0.022830492247806027,0.8879543835281944,Chaetodontidae,10,7
Chaetodon citrinellus,Moorea,37.3635565856732,3.5823949585845694,31.54150079838958,45.446627451240694,32.04795218186637,2.4155871444379264,26.933856809160925,36.41132463576751,6.180473015261554,1.1321490310336448,4.490567112836714,8.85766044950175,4.944698232111054,1.3194675013605484,1.9955255443984123,7.49372179554527,1.2070313021293937,0.30516534670430157,0.7299322357481344,1.9159361208008,0.71673071507056485,0.12163632888692744,0.4724168196134902,0.9527239045670617,0.13658953946901622,0.08495828455737894,0.00855995333558508,0.3223589089442123,0.19901832526973026,0.1697192292758146,0.0062066512013797944,0.6374929759182233,0.3759445930880105,0.16052640900437748,0.05315674160841222,0.661593636725555,Chaetodontidae,4,8
Chaetodon ephippium,Moorea,38.937825938732075,1.5122157749672707,35.71943702236546,41.91768794550489,25.90327606871917,2.955936900979094,19.82279189740941,31.87269576268107,7.431827913190022,0.6571299201256687,5.901181914308485,8.644933899624116,3.055219245937145,0.7411350976622751,1.555656959497276,4.5836004778893455,1.057517716227823,0.2545189730608235,0.5972913226788141,1.610718080870986,0.7358857424928427,0.31060205627147386,0.1056083982674143,1.3213555497460083,0.333713207701193,0.08070898267741021,0.17120609774278486,0.49394927521637355,0.5855574956780303,0.10757820149378433,0.35155937958067895,0.7946765132792761,0.30934443125417826,0.2335046976897202,0.014547586467394706,0.873168278693067,Chaetodontidae,6,5
Chaetodon lunulatus,Moorea,37.407926085102126,3.5281477258357516,31.133252397093923,44.94600392113488,30.47298910890707,2.570327102593441,25.405181428572497,35.80838257898767,5.8124989600719434,1.1173282219471878,4.00601869132457,8.40386408449313,4.90609986672116,1.2871012577925742,2.1940491439280243,7.459297477794933,0.7784211231680409,0.17952801639784596,0.4774902176235956,1.1980384819916046,0.5783896966490731,0.18273916711223498,0.17248471418400832,0.9275905101060996,0.17955554904600796,0.09073156392920004,0.01938734510454916,0.3605463115746484,0.15818898344208832,0.14506619530458476,0.003974384766997002,0.5472142277880202,0.25193744271696344,0.1908871241266372,0.009733343327389602,0.74022631281255,Chaetodontidae,6,10
Chaetodon ornatissimus,Mangareva,30.079910272357587,1.525669308642337,27.15978181590267,33.31351462720119,25.764222652710842,1.375084777853626,22.930299936359024,28.40337158591104,4.221160530863576,0.37657757450753115,3.4716687686658876,4.995285665974872,2.9701608807359023,0.8012425775364568,1.1244457832384034,4.274867330908203,0.5314901731164222,0.11953041738405472,0.33648941535705335,0.7925746992355297,0.31137897365789075,0.03716196639144114,0.2353184468546169,0.382026916371029,0.1414548637178668,0.06045960339781172,0.027074803531038007,0.2638453574497727,0.29432682704312346,0.18647105798572697,0.01895058894366285,0.7366153000280081,0.3862888874913334,0.14697019653683338,0.07159984354747646,0.6401009274647731,Chaetodontidae,8,8
Chaetodon ornatissimus,Moorea,37.240330170120416,1.0245646989727712,35.18511899972261,39.25916366032032,25.219171549827294,0.6699119888066182,23.898973544929934,26.523976180849388,6.968365101228395,0.4463706821323809,6.093125234805219,7.823659355662458,2.9005138139449795,0.15507246271131034,2.5948020971539467,3.1989254902600703,0.9458981202935615,0.0982109573312764,0.7829349907791929,1.18745952416453,0.7501775059565695,0.07691301972652233,0.6100595221792426,0.9115548917993642,0.322268735913399,0.026385934383443173,0.2699184445705709,0.3727267655501758,0.5820060983691887,0.03551604482006972,0.5065113854768039,0.6456959563605174,0.20113512083597626,0.09541363344920294,0.019566191469189823,0.3886086395798437,Chaetodontidae,23,31
Chaetodon ornatissimus,Tetiaroa,35.982141772076204,1.2113817925528758,33.4856019235984,38.386952503053415,23.574122113153937,1.7229530845530694,20.091191768854536,26.958509822705043,6.842249936142813,0.39345232968862953,6.0150367201974255,7.596138640075833,3.125036171091883,0.48334120162420946,2.134667490062246,4.102124328497621,1.0282887355337091,0.12632423664238862,0.7907700060090829,1.3038861093146248,0.802660694581389,0.18232178269164256,0.38096563113772014,1.1167189462929186,0.344123377350228,0.05249277175687099,0.2393149051929461,0.4470888026862925,0.5418804812798282,0.07517904847099553,0.3857554970881177,0.688676842267606,0.21732508438862616,0.16051199038711797,0.009786141535871977,0.608315259967503,Chaetodontidae,8,10
Chaetodon quadrimaculatus,Moorea,49.74700082486125,4.655219794241593,39.950727127430355,58.80016225330621,37.21491938161702,5.370937709510776,25.38535331061509,46.85574448127653,7.153938354637402,0.996135384774023,5.2217289455065075,9.170101352079206,4.991378950442656,1.2893378627390029,1.937188614893726,7.190391985011178,3.2622831670984658,1.9133517880864048,1.0224163701041156,8.472825633801326,1.929722807048422,0.569514836540971,0.4445697033010706,2.8183298743473744,0.24717455694793464,0.11778974898171911,0.03433281567113934,0.4925624546961557,0.29614972684315244,0.17889693712637147,0.028468689494814133,0.7205666077508063,0.328602473181352,0.22008107288919287,0.017239469411196924,0.8083325159674676,Chaetodontidae,4,4
Chaetodon reticulatus,Mangareva,40.547850527393166,2.831752420965315,34.37692450805306,46.19298378654223,27.20432536498815,1.4072494985117519,24.38372303236803,29.927042664664317,6.58712556032052,1.1305198682207118,4.268043535305389,8.852938518737934,3.3025388760218326,0.3014695015741146,2.6895008693845734,3.9004281253785695,1.0343927199763583,0.4944957421019055,0.3852542719884072,2.210672961702596,0.34997597791827034,0.02453128746866481,0.30035664848931803,0.3982163045022942,0.32574589933019427,0.05950170511957329,0.1903844141265684,0.43156839830410454,0.4830279490145398,0.10639692219567652,0.2069571179963216,0.646253888918094,0.5824563425410264,0.19627768279869204,0.10202044680481584,0.8412206552203499,Chaetodontidae,4,9
Chaetodon reticulatus,Moorea,39.973741350478335,0.8383075935423451,38.340718490089905,41.68190608243237,29.248829224862,0.542888980737931,28.186863162161515,30.318129898028356,7.529370706144085,0.2604106889715486,7.022061049408323,8.05592278049585,3.7166590004874216,0.13252983834246523,3.467590708420594,3.9963471947208378,1.1382470383202112,0.21344058786975215,0.8272721486962358,1.6292229881987035,0.9085996174127866,0.12021786708792283,0.7125925364271425,1.1645744055333072,0.26797954278134944,0.020418507474279837,0.2269943962908146,0.30688301401205353,0.5057979880081406,0.024379104952046527,0.45525713452635747,0.550729578344719,0.1868162546072249,0.11312757416321141,0.013502621228610621,0.43121969591528764,Chaetodontidae,21,29
Chaetodon reticulatus,Tetiaroa,38.051552365537106,1.0981797788034393,35.78389130056232,40.10815887486698,27.218414329932433,1.691070625820027,23.804247158384086,30.579191412229243,7.488632651671186,0.2562780746828761,6.940163331863214,7.974832152209098,3.807037363165811,0.4756978953347836,2.8445009666218124,4.786622546712331,1.1887348334700993,0.21291682265743198,0.8192127288498684,1.6593602064354493,0.9545405002230388,0.19067813478641876,0.5395305784410586,1.293936022265766,0.2840738805591581,0.049494051629124486,0.18401093303699712,0.3815460337409618,0.49105488156363514,0.06577677338818758,0.3550605046764674,0.6230358057647465,0.18876357668184093,0.13822319452956597,0.008451671549968301,0.5171440661816704,Chaetodontidae,7,9
Chaetodon vagabundus,Moorea,42.63545758895549,0.9556804298559135,40.72008383317078,44.50817791325216,34.71622111113175,1.9205179440556361,30.745703999138396,38.42880565840698,7.438925488770557,0.2634079049565936,6.922563892873409,7.9681140161680295,5.457798119405144,0.41815282407020204,4.581465958125902,6.256788975040292,0.8395236414908022,0.06741821626206877,0.7131816463543833,0.9830088909721166,0.7130350728654199,0.1189913565621495,0.4277927446589187,0.8975315512795206,0.18535632352926906,0.0482228846177077,0.09075892592463101,0.2845793316661635,0.26541575155343383,0.06183873988909669,0.14164366402787495,0.38676848531998853,0.15027936191268804,0.12787089727207593,0.005556842954491863,0.4760904141210609,Chaetodontidae,11,8
Cheilinus chlorourus,Moorea,23.10015379083639,2.4166761968806947,19.114554653392794,28.54336551474491,20.68276459093295,2.874740849775085,13.697501520924519,25.329271764434566,3.2879797438495295,0.7900421308827414,1.9163038589825967,5.074318765027086,2.3252645591392342,0.7297877367786231,0.6575331537877257,3.63946498982898,0.5355765434469402,0.21190654028578346,0.1681339747607937,1.003245072372709,0.3076442045239418,0.1822080378122472,0.021959968068010455,0.7025621448940953,0.10345167804522276,0.099037421327588,0.003545278559679931,0.37079818605759024,0.2835884553260773,0.19671430218940494,0.01418207215068123,0.7662804897731514,0.42386811009924213,0.25846727209758563,0.0254431263691156,0.9393514595812081,Labridae,6,5
Chlorurus spilurus,Mangareva,24.806556930975347,2.641031334059706,20.57888653975471,30.81450317760449,20.91177396779138,1.4907112329161714,17.93295051164322,23.909406273366635,2.8278273084018393,0.7763251318062498,1.5056225919210469,4.602373858097741,1.9669424639216235,0.7200536409362485,0.5772075981973398,3.4614964380808884,0.2835802724699901,0.04153256493399084,0.21555833358697013,0.3761055909415234,0.21039208706094664,0.017370128879909713,0.17856595855292906,0.24801743259729425,0.14963041911821298,0.08945450415433746,0.011103455324439765,0.3460858881020795,0.2965239645888069,0.20163812869133588,0.014873614289336305,0.7525929753079567,0.24397101057056725,0.11421521994505622,0.029033444318158994,0.4623554461745255,Scaridae,7,13
Chlorurus spilurus,Moorea,22.400058548410527,2.001932212413382,19.647632444220974,27.021236255066594,20.201550197202188,0.9003107168293157,18.486080124704657,22.047381456849003,3.378388091095889,1.5310225637816288,1.4199580809495072,6.945657759649042,1.504212481535427,0.340173650233679,0.9664633177858052,2.308616220149466,0.27673119903209686,0.050165993290310344,0.1976800296169999,0.39616778275712716,0.20967251404857898,0.033997701834020407,0.13953064031615994,0.2719877822036165,0.09280798276249873,0.06965562559609283,0.004313046276722102,0.2573473663126953,0.4751294339837112,0.21273795705123338,0.05125260977294851,0.8082704656666511,0.22755284078520813,0.1396824200987511,0.014514588800376822,0.5278375916831097,Scaridae,6,11
Chlorurus spilurus,Tetiaroa,25.719354977337527,2.6862551071530594,20.775612462181357,31.42405916646413,19.099426374715122,3.1326811654600695,12.601865226438239,25.057363453855615,3.1919435781353265,0.7190070533284375,1.9469647481651198,4.868943247011683,1.6165415256022717,0.6484823589993182,0.5119152639506743,3.1580822773522543,0.912564451059743,0.2304203221001831,0.4847343912359494,1.3928514206345104,0.4674377674732735,0.15809439743511028,0.15292422837919764,0.7908443665482047,0.2521413004396664,0.12864017046334986,0.027527312925179282,0.515324070606692,0.4816965152419589,0.19417947348976275,0.07457418227583504,0.8436013056914919,0.4648683534076092,0.19638406106122808,0.06225371360257618,0.8248549727674734,Scaridae,10,7
Chromis xanthura,Moorea,44.31841340214645,1.3224404512214214,41.92932860667222,47.21375304874131,41.15076569554938,1.2763678994400927,38.50977396515472,43.55049548102935,8.787958740080906,0.43276610825350625,7.782524628640395,9.54971411687086,6.999647569208593,0.5243249559564047,5.98304800998244,8.059517624586308,1.3100653519139438,0.10817775848420572,1.0862883355233988,1.5133592481004774,0.9193384226454816,0.33476698581261394,0.15373909200009078,1.39043606390608,0.0707802314740926,0.036676101542907125,0.007897922490653764,0.14801177564186957,0.201595557304418,0.0711149966219113,0.047461014932686174,0.3338042071451071,0.3010509887168472,0.24273097187232942,0.009640477822367493,0.8779182280250899,Pomacentridae,14,14
Ctenochaetus striatus,Mangareva,16.515536840924746,1.3329771518073192,14.790299220431557,19.715650859022578,15.03894715590109,0.5283883887874211,13.918116317548598,16.026758491976413,0.47824959311158294,0.3461771897621391,0.09773439449965665,1.2225524201143627,0.36905509186635543,0.2749832079258421,0.021002634002496513,0.836907011614685,0.15073677897802518,0.012718494763738389,0.13498178714031328,0.18221495219821904,0.14265866221654205,0.013615994370108339,0.11452865211818479,0.16831238709605761,0.08478212352909749,0.0647911842329616,0.0036003511190803965,0.23931875030818664,0.2664048718456456,0.22955219745866853,0.007607997837636042,0.8557103605063013,0.05295463195259088,0.05934571246410298,0.001489597156764403,0.21326212943462378,Acanthuridae,6,8
Ctenochaetus striatus,Moorea,17.024910640633987,1.0930221322034253,15.175218400614574,19.468838188851976,16.256877295311728,1.0773451942628265,14.033047434399371,18.279617405923382,1.3750656507269858,0.43580581618901554,0.6630131036444683,2.3692124029035133,1.0295640980018375,0.34932625898849934,0.34108348007548595,1.7115805970403055,0.10205402787609535,0.03616067409577098,0.05281391083531494,0.18845505682152314,0.08575859159913654,0.035838979404227936,0.023502527881156605,0.16334984044578132,0.04433573493797381,0.04246324753148003,0.0013084276286942317,0.15188231299814003,0.24096643318224292,0.1771861984428561,0.010332437793098307,0.6653696231314403,0.17117996255585707,0.16907790264806544,0.004480048215397069,0.6401342910013401,Acanthuridae,8,11
Ctenochaetus striatus,Tetiaroa,14.155620428840319,0.39862255248786443,13.465708038739118,14.988988983274256,12.87767127545827,1.3913138742322622,9.27140210900792,14.553667602619344,0.9013900913722468,0.2034701020419231,0.5689460921320778,1.347857858860693,0.7369916272709388,0.24453443962672222,0.23371355161474253,1.2286042508379451,0.17795389284812058,0.02675258266680252,0.13256947382916998,0.24052022561709396,0.14529778395697565,0.039800098662098174,0.05539875552175872,0.21814821058481906,0.09057663163589157,0.09252238406923763,0.002291301792259361,0.3350268122930842,0.18966147381273868,0.17654266443323055,0.006856095353910057,0.6781135395896796,0.18720960371274947,0.1746312747079763,0.0063170411257031855,0.6647762291370305,Acanthuridae,10,9
Dascyllus flavicaudus,Mangareva,44.35389252901799,3.725523717993534,36.739545933767786,52.05128516995099,30.776228952286147,6.539654430285471,16.4281611210522,42.29220990966443,8.74824051790976,1.3197615168545245,5.670853210847565,11.054079196943396,4.628298813926242,1.7017193932007992,1.165361514781776,8.049385800137934,1.789557364546003,0.5629764449729519,0.7696479150670835,3.02615239951038,1.2101773045029198,0.46054496496357133,0.21080338918027683,2.0168346248472164,0.3032210286425146,0.1493772286329632,0.0418027441612883,0.633248808403505,0.4629427599401167,0.1996930872430666,0.06772582709119375,0.8647495082687632,0.3132222611950696,0.21229299484106395,0.020637812981386176,0.8235495093234103,Pomacentridae,4,4
Dascyllus flavicaudus,Moorea,43.36863937744558,1.5628587943976293,40.20388417665438,46.47200637117769,37.461426993891244,3.571799088174446,29.5063642353375,43.360204124241235,9.985164778580826,1.5100295544980258,7.079720054056045,13.057270275606095,7.651204013899814,1.7241095864659937,3.8310705161457492,10.626696296893643,0.9276005120684382,0.08523723486474677,0.7633390034242531,1.103018269678015,0.6577034714870036,0.18612046103580737,0.23233302187255453,0.9489444440866676,0.13555849887797533,0.08302179518640636,0.008525278185362126,0.32371105327093597,0.22873609465586597,0.15653077914856905,0.01279391449461034,0.5987678535531213,0.2892145418029188,0.19542885057420975,0.017828277188035715,0.7489231938697297,Pomacentridae,7,8
Dascyllus trimaculatus,Moorea,41.227223805841156,1.8836891127078266,37.598421705781796,45.18835947299132,35.26392530534153,2.5589254087952127,29.604386994490568,39.76215504197186,8.275357789193645,0.8156531635611672,6.494946461300993,9.729864239625758,5.149741840172011,0.75417958912868,3.6809494093565043,6.6611589477632185,1.1740360740767737,0.2967962791523985,0.6568301806257614,1.8357294225891214,0.9046463418113667,0.2867263325946513,0.2786148515634552,1.433968849625912,0.14310928317555427,0.07020809596219613,0.022971349200362895,0.2940179243861063,0.37128876949753276,0.11243497821690554,0.13410564803652206,0.5666861078749846,0.2249466016889988,0.18294107047334035,0.010930954829270654,0.6903944284933017,Pomacentridae,7,7
Epibulus insidiator,Mangareva,40.62116805042448,5.016298361086741,31.78827885795331,51.60700144448355,35.26812018515874,4.455540615177612,25.321374342241455,43.03630166060226,7.589330672833478,1.7783305819810038,4.338972758636985,11.340464155177159,5.8513152863898785,1.8096457350170383,1.8925585065155794,9.129267778502603,0.9100201134545205,0.17571491113071794,0.5693560057249489,1.2878315902810298,0.5314690295898081,0.2275685241790998,0.07386360889695717,0.9478495886643017,0.12667122622494933,0.09835541267245863,0.005202134244793988,0.36112648749003384,0.22632430539386056,0.18096147813577693,0.008704487688892728,0.6869591770558697,0.4103634272203104,0.2364777814587528,0.029901596239537493,0.9126257080586206,Labridae,4,7
Epibulus insidiator,Moorea,34.07714549504002,2.216277926886249,30.180973660304595,38.9878795791435,31.644691892684058,1.7400876519736685,28.00276212541598,34.9471408119831,5.801560245010101,0.58258164577099,4.769315637771939,7.057304781872558,5.054994611989728,0.5743732396180886,3.8596579713028007,6.1100791223676,1.348954385540995,0.22533887913505724,0.9324663359909648,1.823427725830095,0.7757431214722036,0.1552407749430388,0.4774193788045891,1.0911387107960824,0.06928032808924597,0.05320163153273418,0.003345500963443759,0.19652210326284872,0.125131010639502,0.0911749689331067,0.00516603312063581,0.3364050288571278,0.41103297359582447,0.1433422027860726,0.10400270338135525,0.6683179529820275,Labridae,11,13
Epinephelus merra,Mangareva,38.026131850575794,3.77988966949993,29.216952345656157,45.271170407574125,18.628640589674742,1.4041517161232338,15.794203188626916,21.510628880174437,6.6316855989883505,1.714210818054269,2.991332756263878,9.978660419004123,2.0805855406545413,0.7860659146085814,0.667279986311319,3.868634482182646,0.9342843194165175,0.2841636927393151,0.44587533065767815,1.6190181223458044,0.5049472290671713,0.2102655287299069,0.11000398538070973,0.9314071769624382,0.504792908574145,0.06659933891602322,0.3493570289209553,0.6115578223609989,0.6632343234667346,0.15803046037552637,0.2546268865449566,0.9017258444266933,0.4371710011601354,0.22395678533804877,0.03928251208748963,0.8688441961779593,Serranidae,3,8
Epinephelus merra,Moorea,34.28328276282669,4.320559654358908,25.420627960206843,42.560983907843045,19.508677928031265,1.3636455519603774,16.853118665310678,22.31062823047135,6.088731826187485,1.8334284909642355,2.499002924191092,9.8763188951808,1.9052079713311834,0.8723463264049433,0.5894462641799649,4.105052224632117,1.2577549835180264,0.33830711255423934,0.6787723492169221,2.006585558046188,0.6715251249204451,0.18197771718335412,0.29619723602354847,1.0234441654686892,0.4214846437008897,0.08683134959142212,0.21474794765913977,0.5611512168812233,0.659338290224164,0.1781653964168378,0.20322170107282356,0.9093003353361879,0.4364367495925855,0.1838898037797425,0.06044802337695197,0.7720572235394535,Serranidae,4,9
Epinephelus merra,Tetiaroa,28.531457821359574,2.131666724038361,24.369141990976285,33.007872070730016,20.07927732690954,2.3828416102954875,15.194925958883156,24.719766399509282,5.06710323045016,0.7039413225470241,3.641839466343998,6.437575451540903,1.8673186165880862,0.4928825905027024,0.8737249325756044,2.8573818252651892,0.7845800214202895,0.2128794070104465,0.4313959479329317,1.2688636269250957,0.40858335402160834,0.09899995633512336,0.20898653179208937,0.6098981346727367,0.29249520233165965,0.09774401144320932,0.09429592773672027,0.4864626799894359,0.6240564860974859,0.11462480908702082,0.3654845700791278,0.829344664281902,0.4485708669229729,0.17397418157661218,0.0834613635271889,0.7559446611313129,Serranidae,5,8
Forcipiger flavissimus,Moorea,35.209401888271,3.6978033374228985,26.714107804455555,41.54190439243179,22.54201135619523,2.9018725665204483,17.281758970495037,29.814779504149808,9.342163356661985,1.5940327483598258,6.596583934846068,12.753273862617034,7.9847927229454845,1.3253031000586513,4.920042996334048,10.192746353098013,1.122482565930905,0.31899909811177013,0.7000189027533452,1.8997517074197559,0.7108218369834108,0.08499710130507084,0.530704130099401,0.8710263508203099,0.3525125508197411,0.10883748826841931,0.08926299864860497,0.5240858654580767,0.13834485935484092,0.11537314544070962,0.005064043422737981,0.432977607387418,0.3266303892601654,0.16566074189662156,0.02965228411196319,0.6436175637577841,Chaetodontidae,4,7
Gnathodentex aureolineatus,Moorea,31.65077955995367,6.395983617368719,20.68151241010794,45.56136274986051,20.132419396825988,2.8944894479004093,14.4154340239384,25.871523619370876,6.218796360335034,1.3690983808139898,3.846570521172171,9.327534721814851,4.781426492559184,1.1756737892214946,2.20629036934935,6.945780725367143,0.7536946078356385,0.2168098984223255,0.40940980889776935,1.2660404746617306,0.4691022632032625,0.1509743517903015,0.1551016502374771,0.7776355988921522,0.34186524870884777,0.1434396616569519,0.049899698182830535,0.6016788255633501,0.22102550867028298,0.15893569847255828,0.00927186567459717,0.59436986252903945,0.35522661372165043,0.19705299096544146,0.030495719385681706,0.766573458788078,Lethrinidae,4,9
Halichoeres hortulanus,Moorea,21.22695415159982,1.4293659459687431,18.911821380677534,24.412941308267794,19.652521260094932,1.036041137283928,17.39516669248173,21.59633626181859,3.6928594788882787,0.7762077461378598,2.206205135379975,5.3395125579839116,1.8176505240059424,0.35853280202549115,1.2110600994758713,2.701542719703619,0.26580480811055074,0.03713715198381079,0.1984481775430013,0.346137543375689,0.2159462572916554,0.04033817242280271,0.13259211392167283,0.2848807876305943,0.07172721691298145,0.05481781068751044,0.003023841864984653,0.20328136013635498,0.4859888088047198,0.14824139530591277,0.10665173381964846,0.7103599613347079,0.1829536306856895,0.1334751071511735,0.0077265990935927115,0.49087326610260995,Labridae,11,11
Halichoeres trimaculatus,Mangareva,23.26940713745603,2.1352228411592122,19.994229003845422,28.402659763963083,21.009057030590768,1.2836917210586454,18.397165970920728,23.529319200889972,1.587028782650671,0.4511845783221812,0.8974465930586543,2.6541092433209363,1.2451310966322968,0.4540291788706223,0.34763182247648955,2.194709423827675,0.1981289590555224,0.03811143148768822,0.1610755232421208,0.3030639637599526,0.1658528998091398,0.02323379031931102,0.12171832521613292,0.2168328585571923,0.09223409636457275,0.07134933027882079,0.0033066290839571045,0.2669712931858643,0.2187472319381624,0.18783936382437827,0.0069393675229783205,0.7115992351785115,0.15029164801138992,0.11425160833129903,0.010108395413742961,0.44559328194413744,Labridae,7,12
Heniochus chrysostomus,Moorea,38.8678834750778,1.4002522451148927,35.910203716808574,41.652661754380105,29.346802661694422,2.7225224661821454,24.05096342396745,34.73083926308608,7.157065932736904,0.40681326250672,6.384371919759741,7.917830189351301,5.4239033576139395,0.9955490409484563,3.1941889255947333,7.041996028398653,1.0820209133179073,0.08652560934336212,0.9180135414847711,1.2711369829528827,0.9079735039657029,0.13495170408418555,0.6000369858053495,1.1299009421796549,0.24401867374272312,0.07473838436296187,0.09140587103117753,0.3869215858132511,0.2408518815813745,0.13942289805852898,0.022956635761595526,0.5537367029818677,0.15927514829006112,0.11716693708881588,0.007880940613795543,0.44138378402017336,Chaetodontidae,7,10
Melichthys niger,Moorea,22.93848483381982,1.92725314421887,19.368718543833925,27.146911910383082,17.993186882501686,0.6349685741298713,16.774421821939754,19.309282157377123,2.662461063583269,0.5377246812386159,1.689451573731662,3.784811827374145,1.4454420177819545,0.29405676675429027,0.8660749480429029,2.035139326476205,0.41526231751754045,0.09331204237174676,0.24413331765118026,0.6172017082296934,0.19082565143692648,0.03047896591557214,0.131676110401877,0.25246936702349165,0.21025462160550834,0.06970458252350424,0.06480515005723744,0.34530710877429477,0.43633668835912975,0.15432949363516438,0.09955681735891891,0.703564787554376,0.5159822781610712,0.1380876422376517,0.1741306964872144,0.7319486962031472,Balistidae,12,12
Melichthys vidua,Moorea,28.13117720199318,1.8853115485866527,24.43815085501087,31.946532656592176,21.53207899686215,0.5905076234714297,20.373193947207167,22.678373669552762,4.126492657662333,1.0389349203885632,2.2061629268287604,6.334098038673347,1.6329801212392563,0.17390575621468068,1.3129124593429562,1.9994377225772362,0.5710371509412913,0.10931071802008256,0.38166508765335166,0.8080566754996917,0.38190588034201794,0.06994621718594964,0.24583589568188965,0.5191368519340883,0.23113112202543137,0.05594135766085769,0.11399203444784264,0.331851309392545,0.5769933135266219,0.124773861555889,0.25124923067599275,0.754579786451691,0.3134087898734558,0.14994013907651854,0.03785524636802291,0.6033326648340479,Balistidae,11,15
Monotaxis grandoculis,Moorea,26.3091949270102,4.251931441879259,19.6996419884979,36.80106191555997,20.194686417889415,2.710520291530587,14.11166615093605,25.05368164445699,4.373715405639165,1.4523441675687634,2.1895857919540287,7.892345002810568,2.630024315714601,0.7336767650675777,0.9851510821321156,3.9965348027815306,0.5942551806647393,0.25676004741051556,0.2994837629429791,1.2757078694022337,0.4011990387879149,0.09550834850470695,0.1742304149522808,0.5660133319346864,0.21887279043798605,0.1291898209828905,0.018138125232024557,0.501441126378074,0.3604532071075459,0.19769771016502505,0.028913718597953365,0.7607637156501463,0.2698967031584552,0.1931217736125705,0.011187481037564555,0.7013632240177697,Lethrinidae,3,6
Myripristis berndti,Mangareva,46.08896472721318,4.0000193231944055,37.19422355267547,53.14240691811584,25.454909623274997,2.953166689029404,19.149279033883147,31.200703682921194,9.824506939543534,1.051880568737476,6.948697828231507,11.400647558852432,3.2613414104136464,0.8944080840131605,1.5872244251249292,5.275228098846068,0.5183346366057269,0.2991716011751794,0.12579339181858198,1.3015055623505156,0.29474379571147963,0.2579942212209494,0.015696342893866934,0.9365688021476399,0.44335028997850884,0.08207207487720075,0.2688527258822477,0.5975374612409622,0.6635178784116342,0.10174022727117761,0.4155552150899519,0.8404419791931806,0.44814073135768584,0.27559956721751594,0.02957411633114611,0.9524144527394953,Holocentridae,4,4
Myripristis berndti,Moorea,45.518001113045315,0.8988145194796778,43.68793248996429,47.29738950508336,26.022780824163746,2.5512115358140592,20.788885339172886,31.090298947545975,8.940233954797769,0.31189257795633996,8.323639623117252,9.586036708044432,2.754015233258308,0.3604160758323673,2.06151589428313,3.5019962002009035,1.6415740173401234,0.3123193558402313,1.1017561214554679,2.3103745792066466,1.3547803521577835,0.3249524467532713,0.6287997390863944,1.9207543706565398,0.4280794793298192,0.05711363030734506,0.31503323710427106,0.5435133134941692,0.6915911110322418,0.04163138721956911,0.6042913388637631,0.77027075439304,0.1725511355901579,0.1468729989809723,0.006667841582932363,0.5493680862671984,Holocentridae,7,8
Naso lituratus,Mangareva,35.91434912581819,1.3589908703229672,33.410900624823505,38.83087567315761,32.49984652849969,1.5327648985716367,29.287476613894444,35.30869107726261,3.306867716002358,0.6201946518182507,2.1979454566324756,4.640929911620702,2.803833370162759,0.5963483026615449,1.5166748763284819,3.874678011937106,0.2992701624224046,0.05974820862287157,0.19474725003166962,0.43010585097270687,0.25622552808945936,0.056835245492882276,0.13330990944954477,0.3581827416262669,0.09404398230781322,0.04995703190201632,0.011481293628909586,0.19992721216593445,0.14853512091197701,0.1252413718539072,0.005890440596425617,0.4615484763218297,0.14058986532225484,0.12374150887915739,0.005140109715680544,0.4565869118135803,Acanthuridae,10,10
Naso lituratus,Moorea,34.614822970406216,1.9686103381803262,30.821449784092614,38.54257591210787,28.9117584619244,0.8785748288570379,27.137819972421816,30.651217053590507,3.231439964727508,0.5066805531050783,2.3789512815434053,4.3895025138630075,2.2646713157404883,0.3536019024750095,1.5851212541921333,3.000087081930699,0.3228167418863183,0.04609384373784435,0.24038720498678692,0.419568781519345,0.26548205420361726,0.04679460577655815,0.16789104531875715,0.3544049485685669,0.1620905500218164,0.05345047429565561,0.05215299793573313,0.26172852298985,0.2862728029096317,0.13440536313901547,0.03524334480133415,0.5382093859339194,0.17255217697412475,0.1242727412224983,0.007195821851879683,0.4645225238539448,Acanthuridae,12,12
Naso lituratus,Tetiaroa,32.159562416720135,0.8841226313027873,30.44658127282218,33.99360982192814,26.24977784335295,1.4429135018065449,23.316363981743365,29.037985505478627,2.461313151042676,0.23676978017809175,2.0443345202718057,2.992932321232664,2.1741490247817916,0.26519713592572036,1.5863772695162608,2.6326321262852734,0.3065385822404637,0.023898395327777454,0.2611185334775348,0.3539414814747526,0.22927420983173744,0.06794254636268843,0.06202868437627817,0.3255275162433398,0.18316087848065288,0.04992657430003913,0.08498901274025018,0.28396218043702814,0.11425450150675247,0.09371613629820016,0.004700143755052189,0.34510973618108426,0.2533063513353641,0.21053965014982834,0.008751499340794736,0.7940046598996077,Acanthuridae,9,9
Neoniphon sammara,Moorea,37.469969591779225,4.380272860804329,28.40327853790142,46.08730796364855,21.406251641915812,1.599916635062184,18.47045562475034,24.751815467324114,7.054572599387031,1.3367020544043215,4.127208985083624,9.462933285942754,1.9449495586070062,0.3883466220336279,1.290929613078428,2.8256847125258955,1.8031230947811763,0.5195506565536505,0.988187293498172,2.9727314323035787,0.9569655515688784,0.15098163090988082,0.6669656928152924,1.256229724226838,0.42049928677217924,0.08341597897836563,0.22505711124562552,0.5586628774793488,0.7112221180900762,0.09373022310461739,0.47580109394818565,0.8375566986263647,0.42870626416618474,0.1709500484714351,0.061035688026043936,0.7080018377089335,Holocentridae,7,16
Novaculichthys taeniourus,Moorea,22.792220237519736,4.368587791717734,15.599866903770131,32.87456311417219,17.18778151942488,3.9615616559154834,7.389415591932978,23.56941972401023,3.6408340877916125,1.6917682859360759,0.9482753018572253,7.568478883591567,1.8979504870683725,0.9028125708921602,0.18349759040932834,3.7652899994643896,0.45198312734629664,0.2428853477283017,0.15218186724823685,1.117249803348779,0.26896310914452404,0.12524855166421253,0.0318719334817104,0.5088346285576373,0.23676532946258838,0.1637828196550543,0.014432274643240792,0.6439425912179281,0.43866781200600685,0.23493643827502872,0.03492376003816551,0.9063325559347873,0.36508036507049757,0.24027708122690608,0.0188810001144473,0.8826087422600325,Labridae,3,3
Odonus niger,Moorea,37.98491118370803,2.0432552942643962,34.00192698119526,42.19272958389085,30.160709472741335,2.7893753097440754,24.466277703771027,35.52685530935991,7.204550150719512,0.6794170359061589,5.874530424510303,8.548518082585417,5.38344531866123,0.7084498669878218,3.939788014513433,6.79295099809914,1.1819787407332276,0.14204671692489557,0.9212005697683324,1.480655611476163,0.9620822395377411,0.15130744229060575,0.6405956629982656,1.24363383199925,0.20397166061604333,0.08226885506569352,0.04280207490499846,0.36523734762425397,0.247444596519965,0.11235132755194861,0.03239302094952253,0.47082073017511683,0.18117546204141946,0.1208873837809236,0.009700611665753624,0.4519470803708048,Balistidae,8,14
Paracirrhites arcatus,Tetiaroa,31.760720445564885,2.5589281586314927,26.899779858871973,37.48641032020957,21.747118815292012,5.135344352735083,10.285876092044894,30.77419361197377,6.3390843217496045,1.223621831777052,3.9094926565275823,8.822817098987095,3.2886896913723658,1.604069837304662,0.3910556069634219,6.483684745928165,1.425843820953652,0.27572592614330527,0.8794372539873034,2.0075088878840948,0.9288995743847348,0.37190215084397993,0.15680224802431975,1.5830422809194133,0.3129556776205527,0.16220346776315855,0.03528366581087833,0.6726344399129361,0.47486320068463633,0.24447585899645202,0.04115604099184149,0.938396418800326,0.3467767143743621,0.23623100723165663,0.016963160556616,0.8861845720570889,Cirrhitidae,5,4
Paracirrhites hemistictus,Moorea,39.01995878998484,2.2584449481979396,34.58355948521846,43.60542238301377,30.820670002542723,4.068720253250276,22.050103412527513,37.98591778578038,10.245114930172718,2.1090552623875167,6.446040105597127,14.885638120622756,6.198972505671276,1.7900813413941261,2.608286734414556,9.644635086751896,1.833514609370014,0.44096497410412794,0.9673480963790604,2.7036216072177472,1.1583730077370522,0.5768740885970576,0.11805729503465387,2.2796535845184147,0.208391506555235,0.10718716744959984,0.02549939725045515,0.43943523180823596,0.3791193998429447,0.18573048421710686,0.03907756371834237,0.7444938945992324,0.3740936645998618,0.2583276021529075,0.016303097969302488,0.9271344439367976,Cirrhitidae,9,10
Parupeneus multifasciatus,Moorea,31.948348147338994,1.6791680778774944,28.8135814820636,35.41324709107614,28.528057790892756,3.019354153518907,21.02929383149344,32.90125171900372,7.3833674580846465,1.3025966679883996,4.9402321097498465,10.072616069635911,4.692568648678502,1.2112169201465246,2.055649889354553,6.959005378305164,1.4654966916048213,0.2752145815366814,0.9587561062919744,2.053030553311914,0.9065132488449383,0.28634285019418204,0.25321580601516747,1.413999758884346,0.10629972809664696,0.09018377050002561,0.0040113407532494485,0.34023809788124104,0.3510205756547075,0.17833352600367805,0.040635536326811196,0.7221758672718126,0.36929139108849046,0.20131064591390602,0.038744585965255846,0.8133034093921296,Mullidae,10,5
Plectropomus laevis,Mangareva,45.96070080831763,3.894293899597707,38.13093326892789,54.05038885398326,36.11937442202872,3.4937167150546333,28.798367077971125,42.56072391205405,8.599258773839423,1.5544156869691832,5.955679464139701,12.049936189531664,6.574832946736777,0.9663034562049202,4.57904796415572,8.369088893447383,1.6757643987132493,0.6014036793013366,0.9135849965573289,3.1720591033933045,0.9395446988795044,0.12804227963742812,0.6849579051556377,1.193959181133668,0.20940474958587202,0.09358960584831302,0.028717965835011995,0.3975954638932242,0.21994836082110647,0.1324089206083903,0.01484291390588877,0.4995735760809294,0.3824067827482443,0.18782694734707878,0.03241296839773049,0.7178298229482524,Serranidae,3,12
Pomacanthus imperator,Moorea,37.16491480845309,3.0493717972559606,31.033514319417066,43.67461342746334,27.356857891351368,3.557650062210798,18.757176617989778,33.61590511121039,7.650689002146326,1.2078069714547794,4.840499252598975,9.96889802977861,3.8397957651468015,1.1187856189304286,1.4112543339496493,6.335416507689367,0.8739710640020463,0.34431033129422556,0.3835534342285707,1.710866388792179,0.6029357256109772,0.257706033915348,0.06745401896190723,1.0195453853103715,0.25971514490273273,0.10859528182072811,0.054145665378708414,0.498141913088589,0.48670828382809883,0.16405289599222025,0.10987385393566523,0.8206696796588009,0.30152861031496586,0.23338493531169235,0.013031915090412577,0.8746032501095239,Pomacanthidae,3,3
Rhinecanthus aculeatus,Moorea,20.24527774152248,2.2461379473107574,16.783520563468443,25.49366146260618,16.37847626151598,0.6404349358303504,15.090696390638,17.54646235278322,1.7069690817554377,0.5933077138148972,0.789179113806941,2.9862883924415393,1.0063181030645765,0.6456847074730098,0.07756616285480288,2.3818199803850773,0.5584391269092569,0.09075878841658169,0.405077995839205,0.7621282966851259,0.4249728827701435,0.07455098672776171,0.2460123099376204,0.5477010007524294,0.18188555827932942,0.08880642144626678,0.021327364402109417,0.3674974773839855,0.4213687169130178,0.2697736085407133,0.022156335567958277,0.9495468178253363,0.2273252777941432,0.14556221197203983,0.015584915275096908,0.565115586333804,Balistidae,7,5
Rhinecanthus aculeatus,Tetiaroa,20.412797467637734,1.2433656052249296,18.082841441605478,23.034316533094618,16.905993957696957,0.8799143425382233,15.236296013636228,18.744014833546544,2.1411573714528487,0.2817975855558859,1.5833312719230233,2.7164097408683423,1.227192573054141,0.2011519096166715,0.8304592006781123,1.6407553178079322,0.4748181359621884,0.06800578320365086,0.3427219409167069,0.6134482911227555,0.2956843710538994,0.0488125641675055,0.20005350362384167,0.3942677428869518,0.1689539061073585,0.06350581940519366,0.039887800651575836,0.2929221846567936,0.41722911341528796,0.12046348079370801,0.1480128031151794,0.6343804984940608,0.36549037196759276,0.13282624742088187,0.07877449138448826,0.6076657245692928,Balistidae,10,11
Sargocentron caudimaculatum,Moorea,29.668604302991756,3.677553513473205,23.00327905425082,38.00330440703,21.074336187890584,1.6842663139687724,17.572390049342886,24.36544236397623,4.639247000888486,1.469168264766892,1.951563316634298,7.906166020096364,1.6067274733619836,0.3324794628434424,0.9563053031854144,2.2901740832694877,0.8593514716755324,0.2275814672133342,0.5461263597386795,1.441139244005116,0.5372914316491204,0.09255257757865318,0.34842821430990145,0.721288004053515,0.27964059604690866,0.10019343032154096,0.058691334264245755,0.4689995826989388,0.615219470298502,0.1565663765892218,0.17057654692798666,0.8328984133129349,0.3445522668556261,0.1612945592673029,0.04285930786492813,0.6685532340836765,Holocentridae,3,8
Sargocentron spiniferum,Moorea,33.44771635408369,4.34574932488458,24.583513646947228,41.899419015668684,18.394162663715097,4.155933965482438,9.073725723384959,26.828964165253787,6.783786397594655,1.9797663701500767,2.642861412301791,10.534524077488557,1.8714221962460513,1.1571557968850676,0.20933749152309214,4.893498118866812,0.8628931095906639,0.12077342128336123,0.7028664702861467,1.1550878614094315,0.5545111408235713,0.25006497811940537,0.05622048728035812,0.9926349029328477,0.44237680084099656,0.1387138230448642,0.14973293269579574,0.7234864583130359,0.702370254076184,0.19181165780579487,0.20552185843572346,0.9683350346246302,0.36113903436778727,0.2638614749869921,0.012975783404012143,0.9323262421981886,Holocentridae,4,3
Sargocentron tiere,Moorea,33.3495722699469,5.142526432994149,23.959857246038826,44.06985899838406,21.481006536031625,2.3894282872180086,16.54298246210653,26.166527727514172,5.6003185921493115,1.601727626032043,2.6581435928838046,8.91483868156969,2.114410404891244,0.3854466938389801,1.355429774446121,2.889735218029527,1.3684555831330285,0.42494880331503754,0.5846347132677177,2.2888141665130037,0.8679733624656556,0.39869489456615076,0.11991346353672576,1.6637007679086269,0.34150710749053576,0.11915264217521164,0.08521272400610051,0.5594655895016163,0.5883598257430198,0.14828703541355925,0.20526723700310898,0.800679652531866,0.3601531064928151,0.23569374942228608,0.01708135966345325,0.8860071533902426,Holocentridae,5,8
Scarus schlegeli,Moorea,28.068860313788658,4.930492929734648,19.836798698388005,39.12537028147021,20.57484142125593,3.3894617668318743,12.954236593352462,26.564536702859403,5.05887897183224,1.5892485509550935,2.22355284972776,8.359003468981138,2.143081617644741,0.8892795641955906,0.4419236699365537,4.09989896415675,1.098059458521384,0.24252960690790445,0.6520634383797199,1.6336462092471618,0.6636241857393108,0.23783396066105789,0.1523209663108539,1.1037363724536562,0.2523920948251521,0.14205049307634804,0.020271185701114802,0.5608802658029093,0.5429721804644203,0.20988133040159992,0.08561440899441504,0.9096326890556461,0.3832998328318504,0.21383634224634235,0.03297547017332892,0.8519213163807984,Scaridae,4,4
Stegastes nigricans,Mangareva,38.666350150021856,2.1065534118905553,33.941576687069784,42.77063233946246,26.38665363000076,1.5605375281484506,23.397345367596564,29.621078478754598,5.880427638537036,0.7839720222913412,4.445740642693334,7.543889288700305,4.151828097809931,1.3489889011226919,1.1150073963225664,6.408275893855503,0.6472461124132393,0.18332404913000844,0.34829715937208555,1.058331834599606,0.34832930120818156,0.11054151509424907,0.1274534590794747,0.578446291380398,0.3155614153535588,0.055021924802982,0.19387565635897694,0.4153802330447105,0.2935257131994509,0.21167846097115625,0.013048748391012095,0.80340110964774,0.43274829679585186,0.1975273391282601,0.04753483298736007,0.8006962785848679,Pomacentridae,5,7
Stegastes nigricans,Moorea,25.071988150189572,2.2442035154890916,21.40963895207205,29.99981301643245,21.430325810466883,1.3542260658062857,18.623277928629875,23.930500488181448,2.6954421190166205,0.7003125440023311,1.5755473078481614,4.401754388532664,2.053098756756058,0.8025534700259401,0.4629871884507301,3.7208806583020926,0.35578632614351385,0.07001664884286996,0.23670444974653382,0.5094344809489401,0.28778804331535757,0.06851017705695245,0.13566527279698315,0.40994520969172077,0.13970878775646411,0.08079990898967152,0.011409400455153705,0.309749694945325,0.244824586991577,0.20764674401707148,0.009275385631309257,0.7897667076757008,0.1861659708162453,0.1492554498683429,0.00663036022352258,0.5567311093040468,Pomacentridae,8,8
Stegastes nigricans,Tetiaroa,26.59942839809473,3.865379582541272,19.817528048386478,34.8867884516046,19.397689186701516,1.8731169225135436,15.794672609074608,23.17861305786238,2.9913712522688773,0.8958949143379381,1.618267074973289,5.038929797238715,1.7758239263463478,0.5348701980300906,0.6986509757181152,2.8816328982695967,0.76395961008559,0.2446005553914158,0.3523025396700062,1.3014191207162125,0.30434398954963093,0.06216139384283741,0.19140832410040876,0.4411645872896271,0.2574742230147052,0.11493123412930278,0.04043469078588272,0.47107647003049985,0.377315042292851,0.18751984647943093,0.04371577639703702,0.7459142114659969,0.5611495641097987,0.16141189075008722,0.1623246067505054,0.8005551170416226,Pomacentridae,7,9
Sufflamen bursa,Moorea,22.817505847780016,1.5414997562917045,20.339657872227274,26.413183517192337,21.15846611624878,1.8763734369780867,16.82309856540428,24.493380748252065,3.367069436700085,0.7894750014007839,2.0941045734389125,5.1884819590798195,2.652474387580229,0.5606966338123086,1.485028074026879,3.7081790149516567,0.7139487806676994,0.1231409360323526,0.5210459563703548,1.0019380796931656,0.5506472108133902,0.07728383372122505,0.3894652038388077,0.69438036977882,0.07195790904455826,0.06607482917834179,0.0024605221773617287,0.2471350457823367,0.1966415292768259,0.14275429261843864,0.008813440119444384,0.5228660533195376,0.21392425720643793,0.1314371084535222,0.013468780618003351,0.506555049310977,Balistidae,7,10
Zanclus cornutus,Moorea,28.26133719828132,2.0119337969156317,24.81975460379627,32.73957835012371,26.822890727757553,1.8345704257586244,23.096426296812353,30.32076847888589,5.0685544364887205,1.1692438307384634,3.3620112118416774,7.8462366641373675,3.9065307855924645,0.624633291236653,2.761217767738738,5.234620388020272,0.3669851133435478,0.10851885673268888,0.20806089519896295,0.579088239814386,0.3321584074777235,0.09529964819700222,0.1640081892070067,0.48833777809127615,0.04969112016695163,0.044703425528384085,0.0014194710074469689,0.1670328958014494,0.20664218661416847,0.13909617307377678,0.009747861586452522,0.513826227139493,0.09198132837215257,0.09267770880304657,0.0022673207551942363,0.33899482458038105,Zanclidae,8,16
Zebrasoma scopas,Mangareva,35.7849573913379,4.079767421000845,27.963958796691415,44.336839822716684,24.98643736525923,1.8905233076556651,21.39969781860477,28.86587719483978,3.006488574861099,0.6488679534769815,2.222797288233858,4.669346621337582,2.031883126449017,0.23226073694007965,1.5856836715710236,2.528530711672574,0.27044055942307427,0.10275773999804429,0.19616045667093898,0.5519912915298621,0.21473647042488342,0.017337216843011465,0.17910221362950954,0.248420701360095,0.2932385010051743,0.09237530193497082,0.08735484654911532,0.4644132719884755,0.30287712018587065,0.130309572285442,0.053658021585664316,0.5932291878626391,0.15437743865295933,0.15545961386818213,0.004484839147652343,0.5961664530327826,Acanthuridae,3,11
Zebrasoma scopas,Moorea,35.66197237526555,0.4780343427249148,34.72937860341155,36.601106585148976,22.505688866683652,0.3344973624370113,21.8501687621175,23.170132019779928,4.955126106551202,0.297643595597747,4.361336334186686,5.537383836057658,2.2161527332416395,0.08748075405256689,2.0493557745984816,2.3891996803607,0.4475600343975813,0.03146312923857448,0.38810129370094554,0.511230368976407,0.30748121109322224,0.012546194231970599,0.28335118430564127,0.3332337104925717,0.3688012543626052,0.012716010878793428,0.3436917181763807,0.39354435397477777,0.5510995001748814,0.0328867517127039,0.48206580990255926,0.6095502994115769,0.30964334759062484,0.05542786986298001,0.19494945380151985,0.40998706439810395,Acanthuridae,40,51
Zebrasoma scopas,Tetiaroa,34.346463549419205,1.4145590044050596,31.966533951264648,37.72189622844493,20.513583273621855,1.4463132613259186,17.648077059216398,23.5293243953924,3.7508043338881767,0.2622970199628506,3.2908942137131056,4.33109460146382,1.7160879140449512,0.20303271099605238,1.3490275356839667,2.1600293982011727,0.4758721754006639,0.05252395581565022,0.37747239599330745,0.5867469954604068,0.380606127271459,0.0702256217229728,0.22816789051742906,0.5010250702154186,0.40185851612701806,0.04724667433855436,0.30568273664872964,0.49517245307173474,0.5405361027117421,0.06062931826535099,0.4099266824088907,0.6514333346376335,0.19715218951598665,0.13719334458051172,0.010476949909296476,0.5166614328399178,Acanthuridae,12,13
